search_innertext,search_attribute,Number_of_search_word,search_button_attribute_value,is_button,sClass,URL name
1,1,3,1,1,1,adenandanais/Babyfiles.html
1,0,0,1,0,0,adenandanais/Babyfiles.html
1,0,0,1,0,0,adenandanais/Babyfiles.html
1,0,0,0,0,0,adenandanais/Babyfiles.html
1,1,2,0,0,1,adidas/adidas Online Shop _ adidas US.html
1,0,0,1,0,0,aeropostale/Sites-aeropostale-Site.html
1,1,3,1,0,1,aeropostale/Sites-aeropostale-Site.html
1,0,1,1,0,0,aeropostale/Sites-aeropostale-Site.html
1,0,1,1,0,0,aeropostale/Sites-aeropostale-Site.html
1,1,1,0,0,1,agoda/Agoda _ Hotels in Kyoto _ Best Price Guarantee!.html
1,1,2,1,0,1,airbnb/Illinois · Stays · Airbnb.html
1,0,0,1,0,0,aldoshoes/Search - shoes _ ALDO US.html
1,0,0,1,0,0,aldoshoes/Search - shoes _ ALDO US.html
1,0,0,1,0,0,aldoshoes/Search - shoes _ ALDO US.html
1,0,0,1,0,0,aldoshoes/Search - shoes _ ALDO US.html
1,0,0,1,0,0,aldoshoes/Search - shoes _ ALDO US.html
1,0,0,1,0,0,aldoshoes/Search - shoes _ ALDO US.html
1,0,0,1,0,0,aldoshoes/Search - shoes _ ALDO US.html
1,0,0,1,0,0,aldoshoes/Search - shoes _ ALDO US.html
1,0,0,1,0,0,aldoshoes/Search - shoes _ ALDO US.html
1,0,0,1,0,0,aldoshoes/Search - shoes _ ALDO US.html
1,0,0,1,0,0,aldoshoes/Search - shoes _ ALDO US.html
1,0,0,1,0,0,aldoshoes/Search - shoes _ ALDO US.html
1,0,0,1,0,0,aldoshoes/Search - shoes _ ALDO US.html
1,0,0,1,0,0,aldoshoes/Search - shoes _ ALDO US.html
1,0,0,1,0,0,aldoshoes/Search - shoes _ ALDO US.html
1,0,0,1,0,0,aldoshoes/Search - shoes _ ALDO US.html
1,0,0,1,0,0,aldoshoes/Search - shoes _ ALDO US.html
1,1,1,1,0,1,aldoshoes/Search - shoes _ ALDO US.html
1,1,4,1,0,1,Amazon/Amazon.com _ laptop stand.html
1,1,3,1,0,0,amextravel/American Express Hotels_ CHI - Search Results.html
1,1,1,1,1,1,amextravel/American Express Hotels_ CHI - Search Results.html
1,0,0,1,0,0,amextravel/American Express Hotels_ CHI - Search Results.html
1,1,1,1,0,1,artpal/Buy Vinci Art at ArtPal.html
1,1,3,1,1,1,asos/Marketplace.html
1,1,1,1,0,1,autoanything/Bumpers_AutoAnything.html
1,1,3,0,0,1,Avon/cream by Avon.html
1,1,2,0,0,1,bagborroworsteal/search _ Bag Borrow or Steal.html
1,1,3,1,0,1,barnesandnoble/comic.html
1,1,3,1,1,1,benetton/United Colors of Benetton - Official Site _ Online Shop.html
1,0,0,1,0,0,benetton/United Colors of Benetton - Official Site _ Online Shop.html
1,1,2,1,0,1,bestbuy/laptop - Best Buy.html
1,0,0,1,0,0,bestbuy/laptop - Best Buy.html
1,0,0,1,0,0,bestbuy/laptop - Best Buy.html
1,0,0,0,0,0,besttravelcoupon/BestTravelCoupon.com - Hotels in Chicago.html
1,0,0,1,0,0,besttravelcoupon/BestTravelCoupon.com - Hotels in Chicago.html
1,0,0,0,0,0,besttravelcoupon/BestTravelCoupon.com - Hotels in Chicago.html
1,1,1,1,0,1,besttravelcoupon/BestTravelCoupon.com - Hotels in Chicago.html
1,1,1,1,0,1,bettycrocker/Search Results - BettyCrocker.com.html
1,1,4,1,0,1,bhphotovideo/nikon.html
1,0,0,1,0,0,bhphotovideo/nikon.html
1,0,0,1,0,0,bhphotovideo/nikon.html
1,0,0,1,0,0,bhphotovideo/nikon.html
1,0,0,1,0,0,bhphotovideo/nikon.html
1,0,0,1,0,0,bhphotovideo/nikon.html
1,1,1,1,0,1,bigbasket/Best Online Grocery Store in India. Save Big on Grocery Shopping _ bigbasket.com.html
1,0,0,1,0,0,bigbasket/Best Online Grocery Store in India. Save Big on Grocery Shopping _ bigbasket.com.html
1,0,0,1,0,0,bigbasket/Best Online Grocery Store in India. Save Big on Grocery Shopping _ bigbasket.com.html
1,1,4,1,0,1,bigstockphoto/Creativity.html
1,1,3,1,0,1,bodenusa/Search.html
1,0,0,1,0,0,bodenusa/Search.html
1,1,2,0,0,0,bonanza/Buy executive office chair 199 items on Bonanza.html
1,0,1,1,0,0,bonanza/Buy executive office chair 199 items on Bonanza.html
1,1,2,1,0,1,bonanza/Buy executive office chair 199 items on Bonanza.html
1,0,1,1,0,0,bonanza/Buy executive office chair 199 items on Bonanza.html
1,0,1,1,0,0,bonanza/Buy executive office chair 199 items on Bonanza.html
1,0,1,1,0,0,bonanza/Buy executive office chair 199 items on Bonanza.html
1,0,1,0,0,0,bonanza/Buy executive office chair 199 items on Bonanza.html
1,1,4,1,0,1,booking/Booking.com _ Hotels in New York . Book your hotel now!.html
1,0,0,1,0,0,booking/Booking.com _ Hotels in New York . Book your hotel now!.html
1,0,0,1,0,0,booking/Booking.com _ Hotels in New York . Book your hotel now!.html
1,0,0,0,0,0,booksamillion/comic _ _ Booksamillion.com.html
1,1,3,0,0,1,booksamillion/comic _ _ Booksamillion.com.html
1,1,2,1,0,1,bulq/BULQ_ Great Deals on Liquidation Inventory.html
1,0,0,0,0,0,buybuybaby/Shirt _ buybuy BABY.html
1,0,0,1,0,0,buybuybaby/Shirt _ buybuy BABY.html
1,0,0,0,0,0,buybuybaby/Shirt _ buybuy BABY.html
1,0,0,0,0,0,buybuybaby/Shirt _ buybuy BABY.html
1,0,0,0,0,0,buybuybaby/Shirt _ buybuy BABY.html
1,0,0,0,0,0,buybuybaby/Shirt _ buybuy BABY.html
1,0,0,1,0,0,buybuybaby/Shirt _ buybuy BABY.html
1,1,1,1,0,1,buybuybaby/Shirt _ buybuy BABY.html
1,0,0,0,0,0,buybuybaby/Shirt _ buybuy BABY.html
1,0,0,0,0,0,buybuybaby/Shirt _ buybuy BABY.html
1,0,0,0,0,0,buybuybaby/Shirt _ buybuy BABY.html
1,1,3,1,0,1,"canstockphoto/Cry Stock Photo Images. 113,363 Cry royalty free pictures and photos available to download from thousands of stock photographers..html"
1,0,0,0,0,0,"canstockphoto/Cry Stock Photo Images. 113,363 Cry royalty free pictures and photos available to download from thousands of stock photographers..html"
1,0,1,1,0,0,"canstockphoto/Cry Stock Photo Images. 113,363 Cry royalty free pictures and photos available to download from thousands of stock photographers..html"
1,1,1,1,0,1,carid/Mr. Mustang™ Bumpers - CARiD.com.html
0,0,0,0,0,1,"carparts/CarParts.com - Discount Auto Body Parts Online, Cheap Aftermarket Parts.html"
1,0,0,1,0,0,cartier/Search Results.html
1,1,2,1,0,1,cartier/Search Results.html
1,0,0,0,0,0,cartier/Search Results.html
1,0,0,1,0,0,cartier/Search Results.html
1,1,2,1,0,1,cdw/Search Results_ Showing results for ram _ CDW.html
1,0,0,1,0,0,cdw/Search Results_ Showing results for ram _ CDW.html
1,0,0,1,0,0,cdw/Search Results_ Showing results for ram _ CDW.html
1,0,0,1,0,0,cdw/Search Results_ Showing results for ram _ CDW.html
1,0,0,1,0,0,cdw/Search Results_ Showing results for ram _ CDW.html
1,0,0,1,0,0,cdw/Search Results_ Showing results for ram _ CDW.html
1,0,0,1,0,0,cdw/Search Results_ Showing results for ram _ CDW.html
1,0,0,1,0,0,cdw/Search Results_ Showing results for ram _ CDW.html
1,0,0,1,0,0,cdw/Search Results_ Showing results for ram _ CDW.html
1,0,0,1,0,0,cdw/Search Results_ Showing results for ram _ CDW.html
1,0,0,1,0,0,cdw/Search Results_ Showing results for ram _ CDW.html
1,0,0,1,0,0,cdw/Search Results_ Showing results for ram _ CDW.html
1,0,0,1,0,0,cdw/Search Results_ Showing results for ram _ CDW.html
1,0,0,1,0,0,cdw/Search Results_ Showing results for ram _ CDW.html
1,0,0,1,0,0,cdw/Search Results_ Showing results for ram _ CDW.html
1,0,0,1,0,0,cdw/Search Results_ Showing results for ram _ CDW.html
1,0,0,1,0,0,cdw/Search Results_ Showing results for ram _ CDW.html
1,0,0,1,0,0,cdw/Search Results_ Showing results for ram _ CDW.html
1,0,0,1,0,0,cdw/Search Results_ Showing results for ram _ CDW.html
1,0,0,1,0,0,cdw/Search Results_ Showing results for ram _ CDW.html
1,0,0,1,0,0,cdw/Search Results_ Showing results for ram _ CDW.html
1,0,0,1,0,0,cdw/Search Results_ Showing results for ram _ CDW.html
1,0,0,1,0,0,cdw/Search Results_ Showing results for ram _ CDW.html
1,0,0,1,0,0,cdw/Search Results_ Showing results for ram _ CDW.html
1,0,0,1,0,0,cdw/Search Results_ Showing results for ram _ CDW.html
0,0,0,0,0,1,"cheapoair/Save on Cheap Flights, Cheap Airfares, Cheap Tickets.html"
1,1,1,1,0,1,"cheaptickets/Chicago (and vicinity), Illinois, United States of America Hotel Search Results.html"
1,0,0,1,0,0,"cheaptickets/Chicago (and vicinity), Illinois, United States of America Hotel Search Results.html"
1,0,0,0,0,0,"cheaptickets/Chicago (and vicinity), Illinois, United States of America Hotel Search Results.html"
1,1,2,1,0,1,chewy/food - Free shipping _ Chewy.html
1,0,1,0,0,0,chewy/food - Free shipping _ Chewy.html
1,1,2,0,0,1,childrensplace/Kids.html
1,1,2,1,1,1,"choicehotels/Hotels in Illinois City, IL – Choice Hotels.html"
1,0,0,1,0,0,"choicehotels/Hotels in Illinois City, IL – Choice Hotels.html"
1,0,0,0,0,0,"choicehotels/Hotels in Illinois City, IL – Choice Hotels.html"
1,0,0,0,0,0,"choicehotels/Hotels in Illinois City, IL – Choice Hotels.html"
1,0,0,0,0,0,"choicehotels/Hotels in Illinois City, IL – Choice Hotels.html"
1,0,0,0,0,0,"choicehotels/Hotels in Illinois City, IL – Choice Hotels.html"
1,0,1,1,0,0,coca-cola/Search results for_ BOTTLE OPENER _ Coca-Cola Store.html
1,1,4,1,1,1,coca-cola/Search results for_ BOTTLE OPENER _ Coca-Cola Store.html
1,0,0,1,0,0,coca-cola/Search results for_ BOTTLE OPENER _ Coca-Cola Store.html
1,0,0,1,0,0,coca-cola/Search results for_ BOTTLE OPENER _ Coca-Cola Store.html
1,0,0,1,0,0,coca-cola/Search results for_ BOTTLE OPENER _ Coca-Cola Store.html
1,0,0,1,0,0,coca-cola/Search results for_ BOTTLE OPENER _ Coca-Cola Store.html
1,0,0,1,0,0,coca-cola/Search results for_ BOTTLE OPENER _ Coca-Cola Store.html
1,0,0,1,0,0,coca-cola/Search results for_ BOTTLE OPENER _ Coca-Cola Store.html
1,0,0,1,0,0,coca-cola/Search results for_ BOTTLE OPENER _ Coca-Cola Store.html
1,0,0,1,0,0,coca-cola/Search results for_ BOTTLE OPENER _ Coca-Cola Store.html
1,0,0,1,0,0,coca-cola/Search results for_ BOTTLE OPENER _ Coca-Cola Store.html
1,0,0,1,0,0,coca-cola/Search results for_ BOTTLE OPENER _ Coca-Cola Store.html
1,0,0,1,0,0,coca-cola/Search results for_ BOTTLE OPENER _ Coca-Cola Store.html
1,0,0,1,0,0,coca-cola/Search results for_ BOTTLE OPENER _ Coca-Cola Store.html
1,0,0,1,0,0,coca-cola/Search results for_ BOTTLE OPENER _ Coca-Cola Store.html
1,0,0,1,0,0,coca-cola/Search results for_ BOTTLE OPENER _ Coca-Cola Store.html
1,0,0,1,0,0,coca-cola/Search results for_ BOTTLE OPENER _ Coca-Cola Store.html
1,0,0,1,0,0,coca-cola/Search results for_ BOTTLE OPENER _ Coca-Cola Store.html
1,0,0,1,0,0,coca-cola/Search results for_ BOTTLE OPENER _ Coca-Cola Store.html
1,0,0,1,0,0,coca-cola/Search results for_ BOTTLE OPENER _ Coca-Cola Store.html
1,0,0,1,0,0,coca-cola/Search results for_ BOTTLE OPENER _ Coca-Cola Store.html
1,0,0,1,0,0,coca-cola/Search results for_ BOTTLE OPENER _ Coca-Cola Store.html
1,0,0,1,0,0,coca-cola/Search results for_ BOTTLE OPENER _ Coca-Cola Store.html
1,0,0,1,0,0,coca-cola/Search results for_ BOTTLE OPENER _ Coca-Cola Store.html
1,0,0,1,0,0,coca-cola/Search results for_ BOTTLE OPENER _ Coca-Cola Store.html
1,0,0,1,0,0,coca-cola/Search results for_ BOTTLE OPENER _ Coca-Cola Store.html
1,0,0,1,0,0,coca-cola/Search results for_ BOTTLE OPENER _ Coca-Cola Store.html
1,1,2,1,0,1,concordsupplies/Isabella Management LLC DBA Concordsupplies..html
1,0,0,0,0,0,concordsupplies/Isabella Management LLC DBA Concordsupplies..html
1,1,1,1,0,1,cookieskids/Cookies Kids - the Kids Department Store at Cookies Kids.html
1,0,1,0,0,0,costco/Laptops.html
1,1,2,1,0,1,costco/Laptops.html
1,0,1,0,0,0,costco/Laptops.html
1,0,0,1,0,0,costco/Laptops.html
1,0,1,0,0,0,costco/Laptops.html
1,0,0,1,0,0,costco/Laptops.html
1,0,0,1,0,0,costco/Laptops.html
1,0,0,1,0,0,costco/Laptops.html
1,0,0,1,0,0,costco/Laptops.html
1,0,0,1,0,0,costco/Laptops.html
1,0,0,1,0,0,costco/Laptops.html
1,0,0,1,0,0,costco/Laptops.html
1,0,0,1,0,0,costco/Laptops.html
1,0,0,1,0,0,costco/Laptops.html
1,0,0,1,0,0,costco/Laptops.html
1,0,0,1,0,0,costco/Laptops.html
1,0,0,1,0,0,costco/Laptops.html
1,0,0,1,0,0,costco/Laptops.html
1,0,0,1,0,0,costco/Laptops.html
1,0,0,1,0,0,costco/Laptops.html
1,0,0,1,0,0,costco/Laptops.html
1,0,0,1,0,0,costco/Laptops.html
1,0,0,1,0,0,costco/Laptops.html
1,0,0,1,0,0,costco/Laptops.html
1,0,0,1,0,0,costco/Laptops.html
1,0,1,1,0,0,costcotravel/Search - Packages _ Costco Travel.html
1,1,2,1,0,1,costcotravel/Search - Packages _ Costco Travel.html
1,0,1,1,0,0,costcotravel/Search - Packages _ Costco Travel.html
1,0,1,1,0,0,costcotravel/Search - Packages _ Costco Travel.html
1,1,3,1,1,1,countrystore/Search results for_ Red wine.html
1,0,0,1,0,0,countrystore/Search results for_ Red wine.html
1,0,0,1,0,0,countrystore/Search results for_ Red wine.html
1,0,0,1,0,0,countrystore/Search results for_ Red wine.html
1,0,0,1,0,0,countrystore/Search results for_ Red wine.html
1,0,0,1,0,0,countrystore/Search results for_ Red wine.html
1,0,0,1,0,0,countrystore/Search results for_ Red wine.html
1,0,0,1,0,0,countrystore/Search results for_ Red wine.html
1,0,0,1,0,0,countrystore/Search results for_ Red wine.html
1,0,0,1,0,0,countrystore/Search results for_ Red wine.html
1,0,0,1,0,0,countrystore/Search results for_ Red wine.html
1,0,0,1,0,0,countrystore/Search results for_ Red wine.html
1,0,0,1,0,0,countrystore/Search results for_ Red wine.html
1,0,0,1,0,0,countrystore/Search results for_ Red wine.html
1,0,0,1,0,0,countrystore/Search results for_ Red wine.html
1,0,2,0,0,0,craigslist/norfolk_for_sale _car_ - craigslist.html
1,0,0,0,0,0,craigslist/norfolk_for_sale _car_ - craigslist.html
1,1,3,1,0,1,craigslist/norfolk_for_sale _car_ - craigslist.html
1,1,3,0,0,1,dayuse/Dayuse_com.html
1,1,2,1,1,1,decluttr/Products by Decluttr.html
1,0,0,1,0,0,decluttr/Products by Decluttr.html
1,1,1,1,0,0,departmentstoreliquidations/Department Store Liquidations. Wholesale Closeouts. Liquidation Overstock Merchandise..html
1,1,1,0,0,1,departmentstoreliquidations/Department Store Liquidations. Wholesale Closeouts. Liquidation Overstock Merchandise..html
1,1,4,1,0,1,depositphotos/Depositphotos.html
1,0,0,1,0,0,depositphotos/Depositphotos.html
1,1,4,1,0,1,dickssportinggoods/Search Results.html
1,1,3,1,0,1,discovery/SHORTS _ Discovery Store.html
1,0,1,1,0,0,discovery/SHORTS _ Discovery Store.html
1,0,0,0,0,0,discovery/SHORTS _ Discovery Store.html
1,0,0,0,0,0,doverpublications/Search.html
1,1,2,0,0,1,doverpublications/Search.html
1,0,0,1,0,0,dreamstime/Sports.html
1,0,2,1,0,0,dreamstime/Sports.html
1,1,4,1,0,1,dreamstime/Sports.html
1,0,2,0,0,0,drupal/Found 6799 results containing the words_ pc _ Drupal.org.html
1,0,2,0,0,0,drupal/Found 6799 results containing the words_ pc _ Drupal.org.html
1,1,3,0,0,1,drupal/Found 6799 results containing the words_ pc _ Drupal.org.html
1,1,2,0,0,0,dunhamssports/Sites-Dunhams-Site.html
1,0,1,1,0,0,dunhamssports/Sites-Dunhams-Site.html
1,1,3,0,0,1,dunhamssports/Sites-Dunhams-Site.html
1,1,3,1,0,1,eastbay/Boots _ Eastbay.html
1,0,0,1,0,0,eastbay/Boots _ Eastbay.html
1,1,1,0,0,1,ebay/headphones _ eBay.html
1,0,0,0,0,0,ebid/car _ Items for Sale in United States.html
1,1,2,1,0,1,ebid/car _ Items for Sale in United States.html
1,0,0,1,0,0,ebid/car _ Items for Sale in United States.html
1,0,2,1,0,0,ebid/car _ Items for Sale in United States.html
1,0,0,0,0,0,ebid/car _ Items for Sale in United States.html
1,0,0,1,0,0,ebid/car _ Items for Sale in United States.html
1,1,1,1,0,1,"ebookers/Illinois, United States of America Hotel Search Results.html"
1,0,0,1,0,0,"ebookers/Illinois, United States of America Hotel Search Results.html"
1,0,0,0,0,0,"ebookers/Illinois, United States of America Hotel Search Results.html"
1,0,0,1,0,0,"ebookers/Illinois, United States of America Hotel Search Results.html"
1,1,2,1,0,1,ecrater/gloves - Filter Results.html
1,0,0,0,0,0,entirelypets/Entirely Pets - Search Results for food.html
1,0,0,0,0,0,entirelypets/Entirely Pets - Search Results for food.html
1,0,4,0,0,0,entirelypets/Entirely Pets - Search Results for food.html
1,1,6,0,0,1,entirelypets/Entirely Pets - Search Results for food.html
1,1,3,1,0,0,etsy/Watch _ Etsy.html
1,0,0,1,0,0,etsy/Watch _ Etsy.html
1,1,2,1,0,1,etsy/Watch _ Etsy.html
1,0,1,1,0,0,etsy/Watch _ Etsy.html
1,1,1,1,0,1,"expedia/Chicago, Illinois, United States of America Hotel Search Results.html"
1,0,0,1,0,0,"expedia/Chicago, Illinois, United States of America Hotel Search Results.html"
1,0,0,0,0,0,"expedia/Chicago, Illinois, United States of America Hotel Search Results.html"
1,0,0,1,0,0,"expedia/Chicago, Illinois, United States of America Hotel Search Results.html"
1,1,3,1,0,1,fandango/Movie Times and Movie Theaters in 23508 - Local Showtimes - Fandango _ Fandango.html
1,1,2,1,0,0,fandango/Movie Times and Movie Theaters in 23508 - Local Showtimes - Fandango _ Fandango.html
1,0,0,0,0,0,fandango/Movie Times and Movie Theaters in 23508 - Local Showtimes - Fandango _ Fandango.html
1,0,0,0,0,0,fandango/Movie Times and Movie Theaters in 23508 - Local Showtimes - Fandango _ Fandango.html
1,0,0,0,0,0,fandango/Movie Times and Movie Theaters in 23508 - Local Showtimes - Fandango _ Fandango.html
1,0,0,1,0,0,fashionphile/Shop Pre owned Designer Handbags _ Used Designer Bags _ Fashionphile.html
1,0,0,1,0,0,fashionphile/Shop Pre owned Designer Handbags _ Used Designer Bags _ Fashionphile.html
1,1,1,1,1,1,fashionphile/Shop Pre owned Designer Handbags _ Used Designer Bags _ Fashionphile.html
1,0,0,1,0,0,fashionphile/Shop Pre owned Designer Handbags _ Used Designer Bags _ Fashionphile.html
1,0,0,0,0,0,fashionphile/Shop Pre owned Designer Handbags _ Used Designer Bags _ Fashionphile.html
1,0,0,0,0,0,fashionphile/Shop Pre owned Designer Handbags _ Used Designer Bags _ Fashionphile.html
1,0,0,0,0,0,fashionphile/Shop Pre owned Designer Handbags _ Used Designer Bags _ Fashionphile.html
1,0,0,0,0,0,fashionphile/Shop Pre owned Designer Handbags _ Used Designer Bags _ Fashionphile.html
1,1,1,1,0,1,fnp/Send Roses _ Buy Roses Online _ Online Roses Delivery - Ferns N Petals.html
1,1,4,1,0,1,fragrancenet/Discount.html
1,0,0,1,0,0,fragrancenet/Discount.html
1,0,0,1,0,0,fragrancenet/Discount.html
1,1,3,0,0,1,freedigitalphotos/Eggs Pictures - Free Images of Eggs - Royalty Free Photos.html
1,1,3,1,0,1,freshdirect/FreshDirect - Search - onion.html
1,0,0,0,0,0,freshdirect/FreshDirect - Search - onion.html
1,0,0,1,0,0,freshdirect/FreshDirect - Search - onion.html
1,0,0,1,0,0,freshdirect/FreshDirect - Search - onion.html
1,0,0,1,0,0,freshdirect/FreshDirect - Search - onion.html
1,0,0,1,0,0,freshdirect/FreshDirect - Search - onion.html
1,0,0,1,0,0,freshdirect/FreshDirect - Search - onion.html
1,0,0,1,0,0,freshdirect/FreshDirect - Search - onion.html
1,0,0,1,0,0,freshdirect/FreshDirect - Search - onion.html
1,0,0,1,0,0,freshdirect/FreshDirect - Search - onion.html
1,0,0,1,0,0,freshdirect/FreshDirect - Search - onion.html
1,0,0,1,0,0,freshdirect/FreshDirect - Search - onion.html
1,0,0,1,0,0,freshdirect/FreshDirect - Search - onion.html
1,0,0,1,0,0,freshdirect/FreshDirect - Search - onion.html
1,0,0,1,0,0,freshdirect/FreshDirect - Search - onion.html
1,0,0,1,0,0,freshdirect/FreshDirect - Search - onion.html
1,0,0,1,0,0,freshdirect/FreshDirect - Search - onion.html
1,0,0,1,0,0,freshdirect/FreshDirect - Search - onion.html
1,0,0,1,0,0,freshdirect/FreshDirect - Search - onion.html
1,0,0,1,0,0,freshdirect/FreshDirect - Search - onion.html
1,0,0,1,0,0,freshdirect/FreshDirect - Search - onion.html
1,0,0,1,0,0,freshdirect/FreshDirect - Search - onion.html
1,0,0,1,0,0,freshdirect/FreshDirect - Search - onion.html
1,0,0,1,0,0,freshdirect/FreshDirect - Search - onion.html
1,0,0,1,0,0,freshdirect/FreshDirect - Search - onion.html
1,0,0,1,0,0,freshdirect/FreshDirect - Search - onion.html
1,0,0,1,0,0,freshdirect/FreshDirect - Search - onion.html
1,0,0,1,0,0,freshdirect/FreshDirect - Search - onion.html
1,0,0,1,0,0,freshdirect/FreshDirect - Search - onion.html
1,0,0,1,0,0,freshdirect/FreshDirect - Search - onion.html
1,0,0,1,0,0,freshdirect/FreshDirect - Search - onion.html
1,0,0,1,0,0,freshdirect/FreshDirect - Search - onion.html
1,0,1,1,0,0,freshdirect/FreshDirect - Search - onion.html
1,0,1,1,0,0,freshdirect/FreshDirect - Search - onion.html
1,0,1,1,0,0,freshdirect/FreshDirect - Search - onion.html
1,0,0,1,0,0,freshdirect/FreshDirect - Search - onion.html
1,0,0,0,0,0,freshdirect/FreshDirect - Search - onion.html
1,1,3,1,0,1,frys/Frys Electronics _.html
1,1,2,1,0,1,gamestop/mjolnir _ Search Results _ GameStop.html
1,0,0,1,0,0,gamestop/mjolnir _ Search Results _ GameStop.html
1,0,0,1,0,0,gamestop/mjolnir _ Search Results _ GameStop.html
1,0,0,1,0,0,gamestop/mjolnir _ Search Results _ GameStop.html
1,0,0,1,0,0,gamestop/mjolnir _ Search Results _ GameStop.html
1,0,0,1,0,0,gamestop/mjolnir _ Search Results _ GameStop.html
1,0,0,1,0,0,gamestop/mjolnir _ Search Results _ GameStop.html
1,0,0,1,0,0,gamestop/mjolnir _ Search Results _ GameStop.html
1,0,0,1,0,0,gamestop/mjolnir _ Search Results _ GameStop.html
1,0,0,1,0,0,gamestop/mjolnir _ Search Results _ GameStop.html
1,1,4,1,0,1,"gazelle/Buy Certified Pre-Owned iPhones, Cell Phones and iPads _ Gazelle.html"
1,0,0,0,0,0,"gazelle/Buy Certified Pre-Owned iPhones, Cell Phones and iPads _ Gazelle.html"
1,0,0,1,0,0,"gazelle/Buy Certified Pre-Owned iPhones, Cell Phones and iPads _ Gazelle.html"
1,1,3,1,0,1,gbyliquidations/Search results for_ Shoe.html
1,0,0,1,0,0,gbyliquidations/Search results for_ Shoe.html
1,0,0,1,0,0,gbyliquidations/Search results for_ Shoe.html
1,0,0,1,0,0,gbyliquidations/Search results for_ Shoe.html
1,0,0,1,0,0,gbyliquidations/Search results for_ Shoe.html
1,0,0,1,0,0,gbyliquidations/Search results for_ Shoe.html
1,0,0,1,0,0,gbyliquidations/Search results for_ Shoe.html
1,0,0,1,0,0,gbyliquidations/Search results for_ Shoe.html
1,0,0,1,0,0,gbyliquidations/Search results for_ Shoe.html
1,0,0,1,0,0,gbyliquidations/Search results for_ Shoe.html
1,0,0,1,0,0,gbyliquidations/Search results for_ Shoe.html
1,0,0,1,0,0,gbyliquidations/Search results for_ Shoe.html
1,0,0,1,0,0,"getaroom/Illingen, DE Hotels_ Cheap Rooms for Hotels in Illingen, DE at getaroom.html"
1,1,3,1,0,1,"getaroom/Illingen, DE Hotels_ Cheap Rooms for Hotels in Illingen, DE at getaroom.html"
1,0,0,1,0,0,"getaroom/Illingen, DE Hotels_ Cheap Rooms for Hotels in Illingen, DE at getaroom.html"
1,0,0,1,0,0,"gettyimages/1,405 Football Club Photos and Premium High Res Pictures - Getty Images.html"
1,1,2,1,1,1,"gettyimages/1,405 Football Club Photos and Premium High Res Pictures - Getty Images.html"
1,1,1,1,0,1,giantfood/Search Results _ Giant.html
1,0,0,1,0,0,giantfood/Search Results _ Giant.html
1,1,1,0,0,0,glyde/Buy Used Phones for Sale the Cheaper Way - Glyde.html
1,1,3,1,0,1,glyde/Buy Used Phones for Sale the Cheaper Way - Glyde.html
1,0,0,1,0,0,glyde/Buy Used Phones for Sale the Cheaper Way - Glyde.html
1,0,0,0,0,0,glyde/Buy Used Phones for Sale the Cheaper Way - Glyde.html
1,0,0,0,0,0,glyde/Buy Used Phones for Sale the Cheaper Way - Glyde.html
1,1,2,0,0,1,google shopping/headphones with mic.html
1,1,3,1,0,1,groupon/flowers _ Groupon.html
1,1,2,0,0,1,gymboree/Kids.html
1,1,3,1,0,1,hallmark/Search for _birthday_ - Hallmark.html
1,0,0,1,0,0,hallmark/Search for _birthday_ - Hallmark.html
1,1,3,0,0,1,hersheys/HERSHEYS _ Product Search.html
1,1,1,1,1,1,hilton/Hotel Search - Hilton.html
1,1,1,1,0,1,hipcamp/Camping Near Me _ Find The Best Campgrounds on Hipcamp.html
1,1,1,1,0,1,homedepot/Search Results for drill at The Home Depot.html
1,0,0,1,0,0,homedepot/Search Results for drill at The Home Depot.html
1,0,0,1,0,0,homedepot/Search Results for drill at The Home Depot.html
1,1,1,1,0,1,hometogo/Chicago.html
1,1,1,1,0,1,hopper/Hopper.html
1,1,1,1,0,1,hoseasons/Holiday Lodges in All Regions – Log Cabins 2020 - Hoseasons.html
0,0,0,0,0,1,"hostelworld/Hostels in Chicago » Find cheap, unique hostels » Hostelworld.html"
1,1,3,1,0,1,"hotelscombined/Chicago, 11_18 — 12_8.html"
1,0,0,0,0,0,"hotelscombined/Chicago, 11_18 — 12_8.html"
1,0,2,1,0,0,"hotelscombined/Chicago, 11_18 — 12_8.html"
1,0,0,1,0,0,"hotelscombined/Chicago, 11_18 — 12_8.html"
1,1,1,0,0,1,hoteltonight/Cheap Last Minute Hotel Deals in Virginia Beach from $63 - HotelTonight.html
1,0,0,1,0,0,hotwire/Hotels.html
1,1,1,0,0,1,hotwire/Hotels.html
1,0,0,0,0,0,hrs/HRS – HOTEL RESERVATION SERVICE LTD. - Chicago (Illinois).html
1,0,0,0,0,0,hrs/HRS – HOTEL RESERVATION SERVICE LTD. - Chicago (Illinois).html
1,0,0,0,0,0,hrs/HRS – HOTEL RESERVATION SERVICE LTD. - Chicago (Illinois).html
1,0,0,0,0,0,hrs/HRS – HOTEL RESERVATION SERVICE LTD. - Chicago (Illinois).html
1,0,0,0,0,0,hrs/HRS – HOTEL RESERVATION SERVICE LTD. - Chicago (Illinois).html
1,0,0,1,0,0,hrs/HRS – HOTEL RESERVATION SERVICE LTD. - Chicago (Illinois).html
1,0,0,1,0,0,hrs/HRS – HOTEL RESERVATION SERVICE LTD. - Chicago (Illinois).html
1,1,4,1,0,1,hrs/HRS – HOTEL RESERVATION SERVICE LTD. - Chicago (Illinois).html
0,0,0,0,0,1,"hurb/Hotels and Packages at Illinois, United States _ Hurb.html"
1,1,2,1,0,1,hyatt/Hyatt _ Search Results.html
1,1,3,1,0,1,icing/Search Page _ Icing US.html
1,1,2,1,0,0,icing/Search Page _ Icing US.html
1,0,1,0,0,0,icing/Search Page _ Icing US.html
1,0,0,1,0,0,icing/Search Page _ Icing US.html
1,0,0,1,0,0,icing/Search Page _ Icing US.html
1,0,0,1,0,0,icing/Search Page _ Icing US.html
1,0,0,1,0,0,icing/Search Page _ Icing US.html
1,0,0,1,0,0,icing/Search Page _ Icing US.html
1,0,0,1,0,0,icing/Search Page _ Icing US.html
1,0,0,1,0,0,icing/Search Page _ Icing US.html
1,0,0,1,0,0,icing/Search Page _ Icing US.html
1,0,0,1,0,0,icing/Search Page _ Icing US.html
1,0,1,0,0,0,icing/Search Page _ Icing US.html
1,0,0,1,0,0,icing/Search Page _ Icing US.html
1,0,0,1,0,0,ihg/Select a Hotel.html
1,1,2,1,1,1,ihg/Select a Hotel.html
1,0,0,1,0,0,ihg/Select a Hotel.html
1,0,0,0,0,0,ihg/Select a Hotel.html
1,0,0,1,0,0,ihg/Select a Hotel.html
1,1,3,1,1,1,ikea/table - Search - IKEA.html
1,0,0,0,0,0,ikea/table - Search - IKEA.html
1,1,3,0,0,1,indiger/Pickles.html
1,0,0,0,0,0,jalan/Hokkaido Hotels - Search Result _ Jalan _ Hotel Booking Site.html
1,1,2,1,0,1,jalan/Hokkaido Hotels - Search Result _ Jalan _ Hotel Booking Site.html
1,1,2,0,0,1,jcpenney/shoes - JCPenney.html
1,1,2,1,0,1,jossandmain/Table.html
1,1,1,1,0,0,jossandmain/Table.html
1,0,0,1,0,0,jossandmain/Table.html
1,1,3,1,0,1,"kayak/Book now_ Chicago, 11_26 — 11_30.html"
1,0,0,0,0,0,"kayak/Book now_ Chicago, 11_26 — 11_30.html"
1,0,0,0,0,0,"kayak/Book now_ Chicago, 11_26 — 11_30.html"
1,0,0,1,0,0,"kayak/Book now_ Chicago, 11_26 — 11_30.html"
1,1,3,1,0,1,kohls/Mens Shirts_ Shop Dress Shirts to Casual T Shirts and Polos for Men _ Kohls.html
1,1,3,1,1,1,kroger/Kroger.html
1,1,2,1,0,1,kushiesonline/Kushies Baby USA.html
1,0,1,0,0,0,kushiesonline/Kushies Baby USA.html
1,0,0,1,0,0,kushiesonline/Kushies Baby USA.html
1,1,4,1,0,1,laterooms/LateRooms.com _ Hotels in Manchester . Book your hotel now!.html
1,0,0,1,0,0,laterooms/LateRooms.com _ Hotels in Manchester . Book your hotel now!.html
1,1,2,1,0,1,lego/Search Results _ LEGO Shop.html
1,0,1,1,0,0,lego/Search Results _ LEGO Shop.html
1,1,1,0,0,0,leprix/Search Results for_ bag _ LePrix.html
1,0,0,1,0,0,leprix/Search Results for_ bag _ LePrix.html
1,1,1,1,0,1,leprix/Search Results for_ bag _ LePrix.html
1,0,0,0,0,0,leprix/Search Results for_ bag _ LePrix.html
1,0,3,1,0,0,liquidation/Shirts - auctions - Liquidation.com Auctions.html
1,0,1,1,0,0,liquidation/Shirts - auctions - Liquidation.com Auctions.html
1,0,1,1,0,0,liquidation/Shirts - auctions - Liquidation.com Auctions.html
1,0,1,0,0,0,liquidation/Shirts - auctions - Liquidation.com Auctions.html
0,0,0,0,0,1,listia/car - Listia.com Auctions for Free Stuff.html
1,1,1,0,0,1,"lonelyplanet/Hotels in Seville, Spain - Lonely Planet.html"
1,1,2,1,0,1,lookfantastic/Found results for _cream_ _ Free US Shipping _ lookfantastic.html
1,0,0,1,0,0,lookfantastic/Found results for _cream_ _ Free US Shipping _ lookfantastic.html
1,0,0,0,0,0,maccosmetics/Search _ MAC Cosmetics - Official Site _ MAC Cosmetics - Official Site.html
1,1,3,1,0,1,maccosmetics/Search _ MAC Cosmetics - Official Site _ MAC Cosmetics - Official Site.html
1,1,2,1,0,1,macys/Mens Shirts - Macys.html
1,0,4,1,0,0,marriott/Search Results.html
1,0,0,0,0,0,marriott/Search Results.html
1,1,2,1,0,1,marriott/Search Results.html
1,0,1,0,0,0,marriott/Search Results.html
1,0,0,0,0,0,marriott/Search Results.html
1,1,1,0,0,1,marykay/Mary Kay Search Results.html
0,0,0,0,0,1,mercari/shoes _ Mercari.html
1,1,3,1,1,1,metmuseum/Art.html
1,0,0,1,0,0,metmuseum/Art.html
1,0,1,0,0,0,microcenter/Laptops_Notebooks _ Micro Center.html
1,1,3,1,0,1,microcenter/Laptops_Notebooks _ Micro Center.html
1,1,3,1,0,1,"momondo/Illinois, 11_8 — 11_9.html"
1,0,0,0,0,0,"momondo/Illinois, 11_8 — 11_9.html"
1,0,1,1,0,0,"momondo/Illinois, 11_8 — 11_9.html"
1,1,2,1,0,1,mrandmrssmith/Boutique.html
1,0,0,1,0,0,mrandmrssmith/Boutique.html
1,0,0,1,0,0,mrandmrssmith/Boutique.html
1,1,2,0,0,1,mynavyexchange/Search Results _ Shop Your Navy Exchange - Official Site.html
1,1,1,0,0,1,nba/store.nba.com.html
1,0,0,1,0,0,neutrogena/Search Results _ Neutrogena®.html
1,1,3,1,0,1,neutrogena/Search Results _ Neutrogena®.html
1,0,1,1,0,0,neutrogena/Search Results _ Neutrogena®.html
1,0,1,1,0,0,neutrogena/Search Results _ Neutrogena®.html
1,0,0,1,0,0,neutrogena/Search Results _ Neutrogena®.html
1,0,0,1,0,0,neutrogena/Search Results _ Neutrogena®.html
1,0,0,1,0,0,neutrogena/Search Results _ Neutrogena®.html
1,0,0,1,0,0,neutrogena/Search Results _ Neutrogena®.html
1,0,0,1,0,0,neutrogena/Search Results _ Neutrogena®.html
1,0,0,1,0,0,neutrogena/Search Results _ Neutrogena®.html
1,0,0,1,0,0,neutrogena/Search Results _ Neutrogena®.html
1,0,0,1,0,0,neutrogena/Search Results _ Neutrogena®.html
1,0,0,1,0,0,neutrogena/Search Results _ Neutrogena®.html
1,0,0,1,0,0,neutrogena/Search Results _ Neutrogena®.html
1,0,0,1,0,0,neutrogena/Search Results _ Neutrogena®.html
1,0,0,1,0,0,neutrogena/Search Results _ Neutrogena®.html
1,0,0,1,0,0,neutrogena/Search Results _ Neutrogena®.html
1,0,0,1,0,0,neutrogena/Search Results _ Neutrogena®.html
1,0,0,1,0,0,neutrogena/Search Results _ Neutrogena®.html
1,0,0,1,0,0,neutrogena/Search Results _ Neutrogena®.html
1,0,0,1,0,0,neutrogena/Search Results _ Neutrogena®.html
1,0,0,1,0,0,neutrogena/Search Results _ Neutrogena®.html
1,0,0,1,0,0,neutrogena/Search Results _ Neutrogena®.html
1,0,0,1,0,0,neutrogena/Search Results _ Neutrogena®.html
1,0,1,1,0,0,neutrogena/Search Results _ Neutrogena®.html
1,0,0,1,0,0,neutrogena/Search Results _ Neutrogena®.html
1,1,3,1,1,1,newbalance/shoes Search Results - New Balance.html
1,1,2,1,0,0,newbalance/shoes Search Results - New Balance.html
1,0,0,1,0,0,newbalance/shoes Search Results - New Balance.html
1,1,1,0,0,1,nflshop/NFL Gear - NFLShop.com.html
1,1,3,1,0,1,nhc/Search results for _Vitamin_.html
1,0,0,1,0,0,nhc/Search results for _Vitamin_.html
1,0,0,0,0,0,nhc/Search results for _Vitamin_.html
1,0,0,1,0,0,nhc/Search results for _Vitamin_.html
1,0,0,0,0,0,nhc/Search results for _Vitamin_.html
1,0,0,1,0,0,nhc/Search results for _Vitamin_.html
1,0,0,0,0,0,nhc/Search results for _Vitamin_.html
1,0,0,1,0,0,nhc/Search results for _Vitamin_.html
1,0,0,0,0,0,nhc/Search results for _Vitamin_.html
1,0,0,1,0,0,nhc/Search results for _Vitamin_.html
1,0,0,0,0,0,nhc/Search results for _Vitamin_.html
1,0,0,1,0,0,nhc/Search results for _Vitamin_.html
1,0,0,0,0,0,nhc/Search results for _Vitamin_.html
1,0,0,1,0,0,nhc/Search results for _Vitamin_.html
1,0,0,0,0,0,nhc/Search results for _Vitamin_.html
1,0,0,1,0,0,nhc/Search results for _Vitamin_.html
1,0,0,0,0,0,nhc/Search results for _Vitamin_.html
1,0,0,1,0,0,nhc/Search results for _Vitamin_.html
1,0,0,0,0,0,nhc/Search results for _Vitamin_.html
1,0,0,1,0,0,nhc/Search results for _Vitamin_.html
1,0,0,0,0,0,nhc/Search results for _Vitamin_.html
1,0,0,1,0,0,nhc/Search results for _Vitamin_.html
1,0,0,0,0,0,nhc/Search results for _Vitamin_.html
1,0,0,1,0,0,nhc/Search results for _Vitamin_.html
1,0,0,0,0,0,nhc/Search results for _Vitamin_.html
1,0,0,1,0,0,nhc/Search results for _Vitamin_.html
1,0,0,0,0,0,nhc/Search results for _Vitamin_.html
1,0,0,1,0,0,nhc/Search results for _Vitamin_.html
1,0,0,0,0,0,nhc/Search results for _Vitamin_.html
1,0,0,1,0,0,nhc/Search results for _Vitamin_.html
1,0,0,0,0,0,nhc/Search results for _Vitamin_.html
1,0,0,1,0,0,nhc/Search results for _Vitamin_.html
1,0,0,0,0,0,nhc/Search results for _Vitamin_.html
1,0,0,1,0,0,nhc/Search results for _Vitamin_.html
1,0,0,0,0,0,nhc/Search results for _Vitamin_.html
1,0,0,1,0,0,nhc/Search results for _Vitamin_.html
1,0,0,0,0,0,nhc/Search results for _Vitamin_.html
1,0,0,1,0,0,nhc/Search results for _Vitamin_.html
1,0,0,0,0,0,nhc/Search results for _Vitamin_.html
1,0,0,1,0,0,nhc/Search results for _Vitamin_.html
1,0,0,0,0,0,nhc/Search results for _Vitamin_.html
1,0,0,1,0,0,nhc/Search results for _Vitamin_.html
1,0,0,0,0,0,nhc/Search results for _Vitamin_.html
1,0,0,1,0,0,nhc/Search results for _Vitamin_.html
1,0,0,0,0,0,nhc/Search results for _Vitamin_.html
1,0,0,1,0,0,nhc/Search results for _Vitamin_.html
1,0,0,1,0,0,nhc/Search results for _Vitamin_.html
1,0,0,0,0,0,nhc/Search results for _Vitamin_.html
1,0,0,1,0,0,nhc/Search results for _Vitamin_.html
1,0,0,0,0,0,nhc/Search results for _Vitamin_.html
1,0,0,1,0,0,nhc/Search results for _Vitamin_.html
1,0,0,0,0,0,nhc/Search results for _Vitamin_.html
1,0,0,1,0,0,nhc/Search results for _Vitamin_.html
1,0,0,1,0,0,nhc/Search results for _Vitamin_.html
1,0,0,0,0,0,nhc/Search results for _Vitamin_.html
1,0,0,1,0,0,nhc/Search results for _Vitamin_.html
1,0,0,0,0,0,nhc/Search results for _Vitamin_.html
1,0,0,1,0,0,nhc/Search results for _Vitamin_.html
1,0,0,0,0,0,nhc/Search results for _Vitamin_.html
1,0,0,1,0,0,nhc/Search results for _Vitamin_.html
1,0,0,0,0,0,nhc/Search results for _Vitamin_.html
1,0,0,1,0,0,nhc/Search results for _Vitamin_.html
1,0,0,0,0,0,nhc/Search results for _Vitamin_.html
1,1,1,1,0,1,nike/Products. Nike.com.html
1,0,0,1,0,0,officedepot/table - Office Depot.html
1,0,1,1,0,0,officedepot/table - Office Depot.html
1,0,1,1,0,0,officedepot/table - Office Depot.html
1,0,1,1,0,0,officedepot/table - Office Depot.html
1,1,2,1,0,1,officedepot/table - Office Depot.html
1,1,2,1,0,1,officesupplynow/OfficeSupplyNow.com - The Trimmer Place.html
1,1,1,1,0,0,oncewed/Search.html
1,1,2,1,0,1,oncewed/Search.html
1,0,0,0,0,0,oncewed/Search.html
1,0,0,1,0,0,oncewed/Search.html
1,1,4,1,0,1,onetravel/Onetravel _ Hotels in Chicago . Book your hotel now!.html
1,0,0,1,0,0,onetravel/Onetravel _ Hotels in Chicago . Book your hotel now!.html
1,1,3,0,0,1,onlinesports/Search results for_ball_OnlineSports.com.html
1,0,2,0,0,0,"oodle/_car_ _ Cars for Sale in Norfolk, Virginia _ Used Cars on Oodle Classifieds.html"
1,0,0,0,0,0,"oodle/_car_ _ Cars for Sale in Norfolk, Virginia _ Used Cars on Oodle Classifieds.html"
1,1,1,1,0,1,"oodle/_car_ _ Cars for Sale in Norfolk, Virginia _ Used Cars on Oodle Classifieds.html"
1,1,1,1,0,1,"orbitz/Illinois, United States of America Hotel Search Results.html"
1,0,0,1,0,0,"orbitz/Illinois, United States of America Hotel Search Results.html"
1,0,0,0,0,0,"orbitz/Illinois, United States of America Hotel Search Results.html"
1,0,0,1,0,0,"orbitz/Illinois, United States of America Hotel Search Results.html"
1,0,0,0,0,0,"orbitz/Illinois, United States of America Hotel Search Results.html"
1,0,0,0,0,0,origins/Endeca - Search + Results _ Origins.html
1,0,1,1,0,0,origins/Endeca - Search + Results _ Origins.html
1,1,3,0,0,1,origins/Endeca - Search + Results _ Origins.html
1,1,1,1,1,1,overstock/Kitchen.html
1,0,0,0,0,0,overstock/Kitchen.html
1,0,1,1,0,0,overstock/Kitchen.html
1,0,0,0,0,0,overstock/Kitchen.html
1,0,0,1,0,0,overstock/Kitchen.html
1,1,1,0,0,1,oyorooms/Hotels.html
1,1,1,1,0,1,petco/Search Results.html
1,0,0,1,0,0,petco/Search Results.html
1,0,0,1,0,0,petco/Search Results.html
1,0,0,1,0,0,petco/Search Results.html
1,0,0,1,0,0,petco/Search Results.html
1,0,0,1,0,0,petco/Search Results.html
1,0,0,1,0,0,petco/Search Results.html
1,0,0,1,0,0,petco/Search Results.html
1,0,0,1,0,0,petco/Search Results.html
1,1,3,0,0,1,petsmart/Search Results _ PetSmart.html
1,1,1,1,0,1,petsupplies/Supplies.html
1,0,0,1,0,0,petsupplies/Supplies.html
1,1,1,0,0,1,petsuppliesplus/Search.html
1,1,4,1,0,1,poppin/Search Results _ Poppin.html
1,0,1,1,0,0,poppin/Search Results _ Poppin.html
1,0,1,1,0,0,poppin/Search Results _ Poppin.html
1,1,3,1,1,1,poshmark/Nike for Women - Poshmark.html
1,0,0,0,0,0,poshmark/Nike for Women - Poshmark.html
1,0,1,1,0,0,powells/Search Results - Powells Books.html
1,1,2,1,0,1,premierinn/Search.html
1,0,0,1,0,0,premierinn/Search.html
1,0,0,1,0,0,premierinn/Search.html
1,1,1,1,0,0,preownedweddingdresses/Search.html
1,1,2,1,0,1,preownedweddingdresses/Search.html
1,0,0,0,0,0,preownedweddingdresses/Search.html
1,0,0,1,0,0,preownedweddingdresses/Search.html
1,1,1,1,0,1,priceline/Chicago Hotels_ 11_05 - 11_06 _ Priceline.html
1,0,0,1,0,0,priceline/Chicago Hotels_ 11_05 - 11_06 _ Priceline.html
1,0,0,1,0,0,priceline/Chicago Hotels_ 11_05 - 11_06 _ Priceline.html
1,0,0,0,0,0,priceline/Chicago Hotels_ 11_05 - 11_06 _ Priceline.html
1,0,0,0,0,0,priceline/Chicago Hotels_ 11_05 - 11_06 _ Priceline.html
1,0,0,0,0,0,priceline/Chicago Hotels_ 11_05 - 11_06 _ Priceline.html
1,0,0,0,0,0,priceline/Chicago Hotels_ 11_05 - 11_06 _ Priceline.html
1,0,0,0,0,0,priceline/Chicago Hotels_ 11_05 - 11_06 _ Priceline.html
1,0,0,0,0,0,priceline/Chicago Hotels_ 11_05 - 11_06 _ Priceline.html
1,0,0,0,0,0,priceline/Chicago Hotels_ 11_05 - 11_06 _ Priceline.html
1,0,0,0,0,0,priceline/Chicago Hotels_ 11_05 - 11_06 _ Priceline.html
1,0,0,0,0,0,priceline/Chicago Hotels_ 11_05 - 11_06 _ Priceline.html
1,0,0,0,0,0,priceline/Chicago Hotels_ 11_05 - 11_06 _ Priceline.html
1,0,0,0,0,0,priceline/Chicago Hotels_ 11_05 - 11_06 _ Priceline.html
1,0,0,0,0,0,priceline/Chicago Hotels_ 11_05 - 11_06 _ Priceline.html
1,0,0,0,0,0,priceline/Chicago Hotels_ 11_05 - 11_06 _ Priceline.html
1,0,0,0,0,0,priceline/Chicago Hotels_ 11_05 - 11_06 _ Priceline.html
1,0,0,0,0,0,priceline/Chicago Hotels_ 11_05 - 11_06 _ Priceline.html
1,0,0,0,0,0,priceline/Chicago Hotels_ 11_05 - 11_06 _ Priceline.html
1,0,0,0,0,0,priceline/Chicago Hotels_ 11_05 - 11_06 _ Priceline.html
1,0,0,0,0,0,priceline/Chicago Hotels_ 11_05 - 11_06 _ Priceline.html
1,0,0,0,0,0,priceline/Chicago Hotels_ 11_05 - 11_06 _ Priceline.html
1,0,0,0,0,0,priceline/Chicago Hotels_ 11_05 - 11_06 _ Priceline.html
1,0,0,0,0,0,priceline/Chicago Hotels_ 11_05 - 11_06 _ Priceline.html
1,0,0,0,0,0,priceline/Chicago Hotels_ 11_05 - 11_06 _ Priceline.html
1,0,0,0,0,0,priceline/Chicago Hotels_ 11_05 - 11_06 _ Priceline.html
1,0,0,0,0,0,priceline/Chicago Hotels_ 11_05 - 11_06 _ Priceline.html
1,0,0,0,0,0,priceline/Chicago Hotels_ 11_05 - 11_06 _ Priceline.html
1,0,0,0,0,0,priceline/Chicago Hotels_ 11_05 - 11_06 _ Priceline.html
1,0,0,0,0,0,priceline/Chicago Hotels_ 11_05 - 11_06 _ Priceline.html
1,0,0,0,0,0,priceline/Chicago Hotels_ 11_05 - 11_06 _ Priceline.html
1,0,0,0,0,0,priceline/Chicago Hotels_ 11_05 - 11_06 _ Priceline.html
1,0,0,0,0,0,priceline/Chicago Hotels_ 11_05 - 11_06 _ Priceline.html
1,0,0,0,0,0,pruvo/Pruvo – Book your hotel - Hotels in Chicago.html
1,0,0,1,0,0,pruvo/Pruvo – Book your hotel - Hotels in Chicago.html
1,0,0,0,0,0,pruvo/Pruvo – Book your hotel - Hotels in Chicago.html
1,1,1,1,0,1,pruvo/Pruvo – Book your hotel - Hotels in Chicago.html
1,0,0,1,0,0,puma/Search Result_ shoes.html
1,1,2,1,0,1,puma/Search Result_ shoes.html
1,0,1,1,0,0,puma/Search Result_ shoes.html
1,0,0,1,0,0,puma/Search Result_ shoes.html
1,0,0,1,0,0,puma/Search Result_ shoes.html
1,1,1,0,0,1,redbubble/Face Masks _ Redbubble.html
1,1,2,0,0,1,reebok/Reebok Online Shop _ Reebok US.html
1,0,0,1,0,0,riteaid/riteaid.html
1,0,0,1,0,0,riteaid/riteaid.html
1,1,2,0,0,1,riteaid/riteaid.html
1,1,1,1,0,1,"roomertravel/Chicago Hotel Deals, Roomer.html"
1,1,1,1,0,1,rubylane/Rings Jewelry _ Ruby Lane.html
1,0,0,0,0,0,rubylane/Rings Jewelry _ Ruby Lane.html
1,1,1,1,0,0,saatchiart/Landscape Photography For Sale _ Saatchi Art.html
1,1,2,1,0,1,saatchiart/Landscape Photography For Sale _ Saatchi Art.html
1,0,0,1,0,0,saatchiart/Landscape Photography For Sale _ Saatchi Art.html
1,0,0,1,0,0,saatchiart/Landscape Photography For Sale _ Saatchi Art.html
1,1,4,1,1,1,safeway/Search Results _ Safeway.html
1,0,0,1,0,0,safeway/Search Results _ Safeway.html
1,0,0,1,0,0,safeway/Search Results _ Safeway.html
1,1,1,1,0,1,sears/Laptop.html
1,0,0,1,0,0,sears/Laptop.html
1,0,0,1,0,0,sears/Laptop.html
1,1,2,0,0,1,sebamedusa/Dermatologist Recommended Sensitive Skin Care Solutions.html
1,1,2,1,0,1,secondsale/Best Books about art of war.html
1,0,1,1,0,0,sellcell/Sell Apple iPhone 12 Pro _ Trade In iPhone 12 Pro.html
1,0,1,1,0,0,sellcell/Sell Apple iPhone 12 Pro _ Trade In iPhone 12 Pro.html
1,1,2,0,0,1,sellcell/Sell Apple iPhone 12 Pro _ Trade In iPhone 12 Pro.html
1,1,2,0,0,1,sephora/Search _ Sephora.html
1,0,0,0,0,0,shopbeergear/Shop Beer Gear.html
1,1,2,1,0,0,shopbeergear/Shop Beer Gear.html
1,1,1,1,0,1,shopbeergear/Shop Beer Gear.html
1,0,0,1,0,0,shopbeergear/Shop Beer Gear.html
1,1,2,1,0,0,shopbeergear/Shop Beer Gear.html
1,0,0,0,0,0,shopbop/jean _ SHOPBOP.html
1,1,3,0,0,1,shopbop/jean _ SHOPBOP.html
1,1,3,1,0,1,shopdisney/shopDisney _ shopDisney.html
1,1,2,1,0,1,shopgoodwill/Search Results_ shirt - shopgoodwill.com.html
1,0,1,1,0,0,shopgoodwill/Search Results_ shirt - shopgoodwill.com.html
1,0,1,1,0,0,shopgoodwill/Search Results_ shirt - shopgoodwill.com.html
1,1,2,1,1,1,shopjustice/Justice _ Justice.html
1,0,0,1,0,0,shopjustice/Justice _ Justice.html
1,1,1,1,0,1,shopthesalvationarmy/ShopTheSalvationArmy.html
1,0,0,1,0,0,shopthesalvationarmy/ShopTheSalvationArmy.html
1,0,0,0,0,0,shopthesalvationarmy/ShopTheSalvationArmy.html
1,1,1,0,0,0,shopzilla/Shopzilla - Jacket.html
1,1,2,1,0,1,shopzilla/Shopzilla - Jacket.html
1,1,2,1,0,1,shutterstock/Sports.html
1,1,2,1,1,1,sisley/Sisley - Official Site _ Online Shop.html
1,1,1,1,0,1,skyscanner/Cheap domestic flights from Norfolk.html
1,1,3,1,1,1,spalding/Sporting.html
1,1,2,0,0,0,spalding/Sporting.html
1,0,1,1,0,0,spalding/Sporting.html
0,0,0,0,0,1,sportsdirect/Search Results.html
1,0,1,0,0,0,sportsunlimitedinc/Results for boots.html
1,0,1,0,0,0,sportsunlimitedinc/Results for boots.html
1,1,2,1,0,1,sportsunlimitedinc/Results for boots.html
1,0,0,0,0,0,staples/Shop.html
1,0,0,1,0,0,"swansonvitamins/Vitamins and Supplements, Natural Health Products, Organic Foods - Swanson Health Products.html"
1,0,0,1,0,0,"swansonvitamins/Vitamins and Supplements, Natural Health Products, Organic Foods - Swanson Health Products.html"
1,1,1,1,0,1,"swansonvitamins/Vitamins and Supplements, Natural Health Products, Organic Foods - Swanson Health Products.html"
1,0,0,1,0,0,"swansonvitamins/Vitamins and Supplements, Natural Health Products, Organic Foods - Swanson Health Products.html"
1,0,0,1,0,0,sykescottages/Search and Find a Cottage in UK and Ireland _ Sykes Cottages.html
1,1,3,1,0,1,sykescottages/Search and Find a Cottage in UK and Ireland _ Sykes Cottages.html
1,0,1,0,0,0,sykescottages/Search and Find a Cottage in UK and Ireland _ Sykes Cottages.html
1,0,1,0,0,0,sykescottages/Search and Find a Cottage in UK and Ireland _ Sykes Cottages.html
1,0,0,1,0,0,sykescottages/Search and Find a Cottage in UK and Ireland _ Sykes Cottages.html
1,0,0,1,0,0,sykescottages/Search and Find a Cottage in UK and Ireland _ Sykes Cottages.html
1,1,1,1,0,1,szallas/Balaton accommodations - 3885 offers - Revngo.com.html
1,0,0,1,0,0,szallas/Balaton accommodations - 3885 offers - Revngo.com.html
1,0,0,0,0,0,szallas/Balaton accommodations - 3885 offers - Revngo.com.html
1,0,0,1,0,0,szallas/Balaton accommodations - 3885 offers - Revngo.com.html
1,0,0,0,0,0,szallas/Balaton accommodations - 3885 offers - Revngo.com.html
1,0,0,1,0,0,szallas/Balaton accommodations - 3885 offers - Revngo.com.html
1,0,0,1,0,0,szallas/Balaton accommodations - 3885 offers - Revngo.com.html
1,0,0,1,0,0,szallas/Balaton accommodations - 3885 offers - Revngo.com.html
1,0,0,0,0,0,tabasco/You searched for mexican _TABASCOBrand.html
1,1,2,0,0,1,tabasco/You searched for mexican _TABASCOBrand.html
1,1,2,1,0,1,tablethotels/Boutique.html
1,0,0,1,0,0,tablethotels/Boutique.html
1,0,0,1,0,0,tablethotels/Boutique.html
1,0,0,1,0,0,tablethotels/Boutique.html
1,0,0,1,0,0,tablethotels/Boutique.html
1,0,0,1,0,0,tablethotels/Boutique.html
1,1,1,1,0,1,target/Tv _ Target.html
1,0,0,0,0,0,target/Tv _ Target.html
1,1,3,1,1,1,tenthousandvillages/Search results for_table.html
1,0,0,1,0,0,tenthousandvillages/Search results for_table.html
1,0,0,1,0,0,tenthousandvillages/Search results for_table.html
1,0,0,1,0,0,tenthousandvillages/Search results for_table.html
1,0,0,1,0,0,tenthousandvillages/Search results for_table.html
1,0,0,1,0,0,tenthousandvillages/Search results for_table.html
1,0,0,1,0,0,tenthousandvillages/Search results for_table.html
1,0,0,1,0,0,tenthousandvillages/Search results for_table.html
1,0,0,1,0,0,tenthousandvillages/Search results for_table.html
1,0,0,1,0,0,tenthousandvillages/Search results for_table.html
1,0,0,1,0,0,tenthousandvillages/Search results for_table.html
1,0,0,1,0,0,tenthousandvillages/Search results for_table.html
1,0,0,1,0,0,tenthousandvillages/Search results for_table.html
1,0,0,1,0,0,tenthousandvillages/Search results for_table.html
1,0,0,1,0,0,tenthousandvillages/Search results for_table.html
1,0,0,1,0,0,tenthousandvillages/Search results for_table.html
1,0,0,1,0,0,tenthousandvillages/Search results for_table.html
1,0,0,1,0,0,tenthousandvillages/Search results for_table.html
1,0,0,1,0,0,tenthousandvillages/Search results for_table.html
1,0,0,1,0,0,tenthousandvillages/Search results for_table.html
1,0,0,1,0,0,tenthousandvillages/Search results for_table.html
1,0,0,1,0,0,tenthousandvillages/Search results for_table.html
1,0,0,1,0,0,tenthousandvillages/Search results for_table.html
1,0,0,1,0,0,tenthousandvillages/Search results for_table.html
1,0,0,1,0,0,tenthousandvillages/Search results for_table.html
1,0,0,1,0,0,tenthousandvillages/Search results for_table.html
1,0,0,1,0,0,tenthousandvillages/Search results for_table.html
1,1,2,0,0,0,thellegance/Online shopping for Digital Watches with free worldwide shipping.html
1,1,1,1,0,1,thellegance/Online shopping for Digital Watches with free worldwide shipping.html
1,1,2,0,0,1,thenewyorkdogshop/The New York Dog Shop.html
1,0,0,1,0,0,thomascook/Thomas Cook.html
1,1,1,1,0,1,thredup/Womens Clothing.html
1,0,0,0,0,0,thredup/Womens Clothing.html
1,0,0,1,0,0,thredup/Womens Clothing.html
1,0,0,0,0,0,thredup/Womens Clothing.html
0,0,0,0,0,1,thriftbooks/Browse.html
1,1,3,1,0,1,tias/Search - comic - TIAS.com.html
1,0,0,0,0,0,tigerdirect/Laptop.html
1,1,5,1,0,1,tigerdirect/Laptop.html
1,0,1,1,0,0,tigerdirect/Laptop.html
1,0,0,0,0,0,tigerdirect/Laptop.html
1,0,0,0,0,0,tigerdirect/Laptop.html
1,0,0,1,0,0,tigerdirect/Laptop.html
1,1,2,1,0,1,t-mobile/search.html
1,0,1,0,0,0,t-mobile/search.html
1,0,0,1,0,0,t-mobile/search.html
1,0,1,1,0,0,toofaced/Search _ TooFaced.html
1,0,0,1,0,0,toofaced/Search _ TooFaced.html
1,0,0,1,0,0,toofaced/Search _ TooFaced.html
1,0,1,0,0,0,toofaced/Search _ TooFaced.html
1,1,2,1,0,1,toofaced/Search _ TooFaced.html
1,1,2,1,0,1,totalwine/Total.html
1,1,2,1,0,1,tradesy/Womens Shoes.html
1,0,0,0,0,0,tradesy/Womens Shoes.html
1,0,0,1,0,0,tradesy/Womens Shoes.html
1,0,0,1,0,0,tradesy/Womens Shoes.html
1,0,0,1,0,0,tradesy/Womens Shoes.html
1,1,1,1,0,1,"travelocity/Illinois, United States of America Hotel Search Results.html"
1,0,0,1,0,0,"travelocity/Illinois, United States of America Hotel Search Results.html"
1,0,0,0,0,0,"travelocity/Illinois, United States of America Hotel Search Results.html"
1,0,0,0,0,0,"travelocity/Illinois, United States of America Hotel Search Results.html"
1,0,0,0,0,0,"travelocity/Illinois, United States of America Hotel Search Results.html"
1,1,2,1,0,1,"travelzoo/Hotels + New York City, NY + All Dates _ Travelzoo.html"
1,0,0,1,0,0,"travelzoo/Hotels + New York City, NY + All Dates _ Travelzoo.html"
1,0,2,1,0,0,"travelzoo/Hotels + New York City, NY + All Dates _ Travelzoo.html"
1,0,0,0,0,0,"travelzoo/Hotels + New York City, NY + All Dates _ Travelzoo.html"
1,0,0,1,0,0,"travelzoo/Hotels + New York City, NY + All Dates _ Travelzoo.html"
1,1,1,1,0,1,tripadvisor/Tripadvisor.html
1,0,2,1,0,0,tripadvisor/Tripadvisor.html
1,0,0,0,0,0,tripadvisor/Tripadvisor.html
1,0,0,0,0,0,tripadvisor/Tripadvisor.html
1,0,0,0,0,0,tripadvisor/Tripadvisor.html
1,0,0,0,0,0,tripadvisor/Tripadvisor.html
1,0,0,0,0,0,tripadvisor/Tripadvisor.html
1,0,0,0,0,0,tripadvisor/Tripadvisor.html
1,1,1,1,0,1,trivago/Chicago.html
1,0,0,0,0,0,trivago/Chicago.html
1,0,2,0,0,0,usps/Shipping Supplies _ USPS.com.html
1,1,3,0,0,0,usps/Shipping Supplies _ USPS.com.html
1,1,3,0,0,0,usps/Shipping Supplies _ USPS.com.html
1,1,3,0,0,0,usps/Shipping Supplies _ USPS.com.html
1,1,3,0,0,0,usps/Shipping Supplies _ USPS.com.html
1,1,3,0,0,0,usps/Shipping Supplies _ USPS.com.html
1,1,3,0,0,0,usps/Shipping Supplies _ USPS.com.html
1,1,2,0,0,1,usps/Shipping Supplies _ USPS.com.html
1,0,0,1,0,0,veneretravel/Venere Travel.html
1,0,0,1,0,0,veneretravel/Venere Travel.html
1,0,0,1,0,0,veneretravel/Venere Travel.html
1,0,0,1,0,0,veneretravel/Venere Travel.html
1,1,1,0,0,1,veneretravel/Venere Travel.html
1,1,2,1,0,1,verizon/Search Results for iphone at Verizon.html
1,1,3,1,1,1,vitaminshoppe/Search.html
1,0,0,1,0,0,vitaminshoppe/Search.html
1,0,0,0,0,0,vitaminshoppe/Search.html
1,0,0,0,0,0,vitaminshoppe/Search.html
1,1,3,1,1,1,vitaminworld/Shop Vitamin B _ Vitamin World.html
1,0,0,0,0,0,vitaminworld/Shop Vitamin B _ Vitamin World.html
1,0,0,0,0,0,vitaminworld/Shop Vitamin B _ Vitamin World.html
1,0,0,1,0,0,vitaminworld/Shop Vitamin B _ Vitamin World.html
1,0,0,1,0,0,vitaminworld/Shop Vitamin B _ Vitamin World.html
1,0,0,1,0,0,vitaminworld/Shop Vitamin B _ Vitamin World.html
1,0,0,1,0,0,vitaminworld/Shop Vitamin B _ Vitamin World.html
1,0,0,1,0,0,vitaminworld/Shop Vitamin B _ Vitamin World.html
1,0,0,1,0,0,vitaminworld/Shop Vitamin B _ Vitamin World.html
1,0,0,1,0,0,vitaminworld/Shop Vitamin B _ Vitamin World.html
1,0,0,1,0,0,vitaminworld/Shop Vitamin B _ Vitamin World.html
1,0,0,1,0,0,vitaminworld/Shop Vitamin B _ Vitamin World.html
1,0,0,1,0,0,vitaminworld/Shop Vitamin B _ Vitamin World.html
1,0,0,1,0,0,vitaminworld/Shop Vitamin B _ Vitamin World.html
1,0,0,1,0,0,vitaminworld/Shop Vitamin B _ Vitamin World.html
1,0,0,1,0,0,vitaminworld/Shop Vitamin B _ Vitamin World.html
1,0,0,1,0,0,vitaminworld/Shop Vitamin B _ Vitamin World.html
1,0,0,1,0,0,vitaminworld/Shop Vitamin B _ Vitamin World.html
1,0,0,1,0,0,vitaminworld/Shop Vitamin B _ Vitamin World.html
1,0,0,1,0,0,vitaminworld/Shop Vitamin B _ Vitamin World.html
1,0,0,1,0,0,vitaminworld/Shop Vitamin B _ Vitamin World.html
1,0,0,1,0,0,vitaminworld/Shop Vitamin B _ Vitamin World.html
1,0,0,1,0,0,vitaminworld/Shop Vitamin B _ Vitamin World.html
1,0,0,1,0,0,vitaminworld/Shop Vitamin B _ Vitamin World.html
1,0,0,1,0,0,vitaminworld/Shop Vitamin B _ Vitamin World.html
1,0,0,1,0,0,vitaminworld/Shop Vitamin B _ Vitamin World.html
1,0,0,1,0,0,vitaminworld/Shop Vitamin B _ Vitamin World.html
1,0,0,1,0,0,vitaminworld/Shop Vitamin B _ Vitamin World.html
1,0,0,1,0,0,vitaminworld/Shop Vitamin B _ Vitamin World.html
1,0,0,1,0,0,vitaminworld/Shop Vitamin B _ Vitamin World.html
1,0,0,1,0,0,vitaminworld/Shop Vitamin B _ Vitamin World.html
1,0,0,1,0,0,vitaminworld/Shop Vitamin B _ Vitamin World.html
1,0,0,1,0,0,vitaminworld/Shop Vitamin B _ Vitamin World.html
1,0,0,1,0,0,vitaminworld/Shop Vitamin B _ Vitamin World.html
1,1,1,1,0,1,vrbo/Chicago pet friendly vacation rentals _ Vrbo.com.html
1,1,2,1,0,1,walgreens/mask _ Walgreens.html
1,0,0,0,0,0,walgreens/mask _ Walgreens.html
1,0,0,1,0,0,walgreens/mask _ Walgreens.html
1,0,0,1,0,0,walmart/laptop computer - Walmart.com.html
1,1,4,1,0,1,walmart/laptop computer - Walmart.com.html
1,0,0,1,0,0,walmart/laptop computer - Walmart.com.html
1,0,0,1,0,0,walmart/laptop computer - Walmart.com.html
1,1,2,1,0,1,wayfair/Wayfair.html
1,1,1,1,0,0,wayfair/Wayfair.html
1,0,0,1,0,0,wayfair/Wayfair.html
1,1,1,1,0,1,"wotif/Chicago (and vicinity), Illinois, United States of America Hotel Search Results.html"
1,0,0,1,0,0,"wotif/Chicago (and vicinity), Illinois, United States of America Hotel Search Results.html"
1,0,0,0,0,0,"wotif/Chicago (and vicinity), Illinois, United States of America Hotel Search Results.html"
1,1,2,0,0,1,wyndhamhotels/Search.html
